"","Df","Sum Sq","Mean Sq","F","N.Perm","Pr(>F)","variable"
"Groups",32,0.207216696853435,0.00647552177666983,0.972881854840912,1000,0.513486513486514,"System"
"Residuals",93,0.619009926265684,0.00665602071253424,NA,NA,NA,"System"
