"","Df","Sum Sq","Mean Sq","F","N.Perm","Pr(>F)"
"Groups",32,0.279143741270456,0.00872324191470175,1.07129000078006,1000,0.373626373626374
"Residuals",93,0.757275338588565,0.00814274557622113,NA,NA,NA
